Stonecraft Interiors,45 Maple Avenue Austin tx,None,"Hey,

I came across Stonecraft Interiors while browsing through Facebook, and I really had to pause at your branding and color choices. They are genuinely unique, and it is clear a lot of thought and care has gone into developing your visual identity over the past six years.

The tricky part is that, right now, all of that great work is sitting on a page that hasn’t been updated in several months. For a firm handling high-end residential renovations and custom furniture, prospective clients who hear your name through word-of-mouth naturally go looking online to browse past projects and get a sense of your style. Without a dedicated place to showcase your portfolio, you are likely missing out on clients who want to see your work before they reach out.

A clean, modern website would completely change that — giving you a permanent digital portfolio where your best rooms and custom pieces can speak for themselves, making it effortless for new clients to see your standard of work and get in touch.

I would love to put together a quick homepage preview for Stonecraft Interiors, completely free of charge and with zero obligations. Just a simple way for you to visualize what a professional home online could look like for the firm.

Would you be open to taking a look?

Thanks,
Maaz"
Nova Renovation Co,12 Clifton Block 5 Austin tx,None,"Hey,

I came across Nova Renovation Co while looking at local contractors online, and I was really impressed by the sheer number of five-star reviews you have. It is obvious from what your clients say that the actual quality of your kitchen remodels and structural work is top-tier.

The only thing is, your current website doesn't quite match that standard. Because it was built a few years ago, it isn't set up for mobile screens, loads quite slowly, and doesn't give potential clients a way to browse your past projects or easily get in touch. For homeowners comparing a few different contractors, that first digital impression can sometimes make the decision before you even get a chance to talk.

A proper, modern website would fix all of that — letting your actual craftsmanship take center stage, loading instantly on any phone, and giving people a working contact form that turns casual lookers into consultation bookings.

I would love to put together a quick homepage preview for you, completely free and with no strings attached, just to show you what a modern redesign could look like for Nova Renovation Co. 

Would you be open to taking a look?

Thanks,
Maaz"
Amber Home Design,78 DHA Phase 6 Austin tx,None,"Hey,

I came across Amber Home Design while browsing through design portfolios, and I was genuinely struck by your work. The spaces you pull together have a distinct elegance that really stands out from standard residential design.

The thing is, your current website doesn't quite reflect that level of luxury. Because the portfolio images are lower resolution and the layout hasn't been updated in a while, the site unfortunately feels a bit abandoned. For high-end clients investing in full-room design and furniture sourcing, that initial digital presentation sets the tone for how they perceive your value before they ever reach out.

A refined, modern website would change that entirely — displaying your projects in high definition, clearly guiding visitors toward a consultation, and matching the same elevated aesthetic you bring to your actual interiors.

I would love to put together a quick homepage preview, completely free and with no obligations, just to show you what a proper digital home could look like for your studio. 

Would you be open to taking a look?

Thanks,
Maaz"
